friednly_class,potion-cost,opponent_class,potion_option_text,num_picks,win_rate,ci
PRIEST,1,DRUID,[121] <b>Freeze</b> a random enemy minion.,121,23.728,3.978367058
PRIEST,1,DRUID,[57] Add a random Demon to your hand.,57,30.20833333,8.305499391
PRIEST,1,DRUID,[225] Deal $2 damage to all minions.,225,33.728,4.763337821
PRIEST,1,DRUID,[290] Deal $3 damage.,290,45.264,3.168860241
PRIEST,1,DRUID,[106] Draw a card.,106,39.124,6.547194781
PRIEST,1,DRUID,[117] Gain 4 Armor.,117,31.45416667,6.272951305
PRIEST,1,DRUID,[131] Give your minions +2 Health.,131,61.992,5.570778828
PRIEST,1,DRUID,[79] Summon a 2/2 Demon.,79,40.73333333,7.66872451
PRIEST,1,DRUID,[160] Summon a friendly minion that died this game.,160,38.352,4.312086622
PRIEST,1,HUNTER,[61] <b>Freeze</b> a random enemy minion.,61,34.58095238,9.17751816
PRIEST,1,HUNTER,[18] Add a random Demon to your hand.,18,59.09090909,14.09319735
PRIEST,1,HUNTER,[147] Deal $2 damage to all minions.,147,57.972,5.792965008
PRIEST,1,HUNTER,[154] Deal $3 damage.,154,50.816,6.047028935
PRIEST,1,HUNTER,[40] Draw a card.,40,46.01304348,10.57569844
PRIEST,1,HUNTER,[101] Gain 4 Armor.,101,50.7,7.803057729
PRIEST,1,HUNTER,[53] Give your minions +2 Health.,53,68.94545455,9.841402246
PRIEST,1,HUNTER,[34] Summon a 2/2 Demon.,34,52.915,11.90276411
PRIEST,1,HUNTER,[92] Summon a friendly minion that died this game.,92,60.45,8.063654513
PRIEST,1,MAGE,[95] <b>Freeze</b> a random enemy minion.,95,38.36,7.119844268
PRIEST,1,MAGE,[49] Add a random Demon to your hand.,49,43.04117647,10.42301805
PRIEST,1,MAGE,[178] Deal $2 damage to all minions.,178,44.5,6.212922625
PRIEST,1,MAGE,[216] Deal $3 damage.,216,56.26,4.333160988
PRIEST,1,MAGE,[84] Draw a card.,84,56.6375,7.160438406
PRIEST,1,MAGE,[143] Gain 4 Armor.,143,46.632,5.929373858
PRIEST,1,MAGE,[106] Give your minions +2 Health.,106,59.564,7.430227212
PRIEST,1,MAGE,[51] Summon a 2/2 Demon.,51,52.14444444,10.56801292
PRIEST,1,MAGE,[142] Summon a friendly minion that died this game.,142,61.16,5.985286105
PRIEST,1,PALADIN,[52] <b>Freeze</b> a random enemy minion.,52,40.93913043,9.365960706
PRIEST,1,PALADIN,[31] Add a random Demon to your hand.,31,58.85625,12.85785403
PRIEST,1,PALADIN,[114] Deal $2 damage to all minions.,114,42.436,6.92192243
PRIEST,1,PALADIN,[134] Deal $3 damage.,134,46.688,5.870814495
PRIEST,1,PALADIN,[32] Draw a card.,32,43.52222222,11.25043212
PRIEST,1,PALADIN,[64] Gain 4 Armor.,64,37.9,7.854861403
PRIEST,1,PALADIN,[48] Give your minions +2 Health.,48,55.665,10.29219261
PRIEST,1,PALADIN,[28] Summon a 2/2 Demon.,28,43.75,12.19722777
PRIEST,1,PALADIN,[75] Summon a friendly minion that died this game.,75,47.025,7.734748877
PRIEST,1,PRIEST,[114] <b>Freeze</b> a random enemy minion.,114,25.06,5.269415899
PRIEST,1,PRIEST,[53] Add a random Demon to your hand.,53,46.74285714,10.87082086
PRIEST,1,PRIEST,[151] Deal $2 damage to all minions.,151,25.04,5.162643767
PRIEST,1,PRIEST,[236] Deal $3 damage.,236,44.076,4.4263844
PRIEST,1,PRIEST,[70] Draw a card.,70,46.02173913,8.053052896
PRIEST,1,PRIEST,[94] Gain 4 Armor.,94,27.452,5.944680672
PRIEST,1,PRIEST,[103] Give your minions +2 Health.,103,55.248,6.780188679
PRIEST,1,PRIEST,[45] Summon a 2/2 Demon.,45,29.49565217,9.08460066
PRIEST,1,PRIEST,[136] Summon a friendly minion that died this game.,136,40.628,4.952079794
PRIEST,1,ROGUE,[311] <b>Freeze</b> a random enemy minion.,311,24.98,3.173959053
PRIEST,1,ROGUE,[50] Add a random Demon to your hand.,50,39.58571429,9.132509808
PRIEST,1,ROGUE,[394] Deal $2 damage to all minions.,394,38.964,3.127703582
PRIEST,1,ROGUE,[377] Deal $3 damage.,377,39.916,2.789714028
PRIEST,1,ROGUE,[146] Draw a card.,146,31.82,4.762455057
PRIEST,1,ROGUE,[269] Gain 4 Armor.,269,31.272,3.409575822
PRIEST,1,ROGUE,[123] Give your minions +2 Health.,123,56.044,7.622242948
PRIEST,1,ROGUE,[93] Summon a 2/2 Demon.,93,44.875,8.076389749
PRIEST,1,ROGUE,[231] Summon a friendly minion that died this game.,231,35.052,4.646206603
PRIEST,1,SHAMAN,[323] <b>Freeze</b> a random enemy minion.,323,24.816,3.116068333
PRIEST,1,SHAMAN,[74] Add a random Demon to your hand.,74,44.24090909,7.45048956
PRIEST,1,SHAMAN,[923] Deal $2 damage to all minions.,923,42.932,2.195688543
PRIEST,1,SHAMAN,[800] Deal $3 damage.,800,38.368,2.31816698
PRIEST,1,SHAMAN,[239] Draw a card.,239,40.452,4.656798298
PRIEST,1,SHAMAN,[551] Gain 4 Armor.,551,31.556,3.748284717
PRIEST,1,SHAMAN,[232] Give your minions +2 Health.,232,55.764,5.073240461
PRIEST,1,SHAMAN,[189] Summon a 2/2 Demon.,189,48.988,4.954917222
PRIEST,1,SHAMAN,[447] Summon a friendly minion that died this game.,447,43.552,2.593350477
PRIEST,1,WARLOCK,[136] <b>Freeze</b> a random enemy minion.,136,38.888,6.213699228
PRIEST,1,WARLOCK,[57] Add a random Demon to your hand.,57,43.33809524,8.442701345
PRIEST,1,WARLOCK,[227] Deal $2 damage to all minions.,227,53.9,3.81645535
PRIEST,1,WARLOCK,[294] Deal $3 damage.,294,57.308,3.284957791
PRIEST,1,WARLOCK,[106] Draw a card.,106,48.016,7.643696172
PRIEST,1,WARLOCK,[158] Gain 4 Armor.,158,50.24,6.078831157
PRIEST,1,WARLOCK,[100] Give your minions +2 Health.,100,61.872,6.314774599
PRIEST,1,WARLOCK,[62] Summon a 2/2 Demon.,62,45.73,8.130482809
PRIEST,1,WARLOCK,[168] Summon a friendly minion that died this game.,168,48.148,5.920411153
PRIEST,1,WARRIOR,[552] <b>Freeze</b> a random enemy minion.,552,33.036,2.187255756
PRIEST,1,WARRIOR,[79] Add a random Demon to your hand.,79,35.74782609,7.78562612
PRIEST,1,WARRIOR,[889] Deal $2 damage to all minions.,889,41.096,2.345313402
PRIEST,1,WARRIOR,[1073] Deal $3 damage.,1073,44.06,2.279762674
PRIEST,1,WARRIOR,[278] Draw a card.,278,36.532,3.952778917
PRIEST,1,WARRIOR,[946] Gain 4 Armor.,946,37.836,1.625491499
PRIEST,1,WARRIOR,[249] Give your minions +2 Health.,249,53.896,4.352774483
PRIEST,1,WARRIOR,[219] Summon a 2/2 Demon.,219,38.552,4.540211179
PRIEST,1,WARRIOR,[561] Summon a friendly minion that died this game.,561,45.468,3.795548703
PRIEST,5,DRUID,[456] <b>Freeze</b> 2 random enemy minions.,456,29.668,2.944622219
PRIEST,5,DRUID,[500] Add 2 random Demons to your hand.,500,38.2,1.979987899
PRIEST,5,DRUID,[1843] Deal $4 damage to all minions.,1843,37.072,1.6692566
PRIEST,5,DRUID,[2063] Deal $5 damage.,2063,40.62,1.438303505
PRIEST,5,DRUID,[795] Draw 2 cards.,795,43.82,2.245478422
PRIEST,5,DRUID,[644] Gain 7 Armor.,644,32.62,1.86692282
PRIEST,5,DRUID,[910] Give your minions +4 Health.,910,56.428,2.625813784
PRIEST,5,DRUID,[1597] Summon 2 friendly minions that died this game.,1597,47.82,1.489925326
PRIEST,5,DRUID,[1713] Summon a 5/5 Demon.,1713,45.952,1.212325138
PRIEST,5,DRUID,[1141] Transform a random enemy minion into a 1/1 Sheep.,1141,40.488,2.021438258
PRIEST,5,HUNTER,[183] <b>Freeze</b> 2 random enemy minions.,183,48.076,3.929573415
PRIEST,5,HUNTER,[124] Add 2 random Demons to your hand.,124,57.74782609,5.565833703
PRIEST,5,HUNTER,[857] Deal $4 damage to all minions.,857,62.14,1.393562484
PRIEST,5,HUNTER,[707] Deal $5 damage.,707,59.936,2.573236719
PRIEST,5,HUNTER,[297] Draw 2 cards.,297,60.596,3.454785199
PRIEST,5,HUNTER,[539] Gain 7 Armor.,539,59.616,2.634982052
PRIEST,5,HUNTER,[255] Give your minions +4 Health.,255,69.412,3.446057175
PRIEST,5,HUNTER,[526] Summon 2 friendly minions that died this game.,526,64.716,2.2414692
PRIEST,5,HUNTER,[526] Summon a 5/5 Demon.,526,69.448,2.236798019
PRIEST,5,HUNTER,[380] Transform a random enemy minion into a 1/1 Sheep.,380,56.848,3.549663571
PRIEST,5,MAGE,[273] <b>Freeze</b> 2 random enemy minions.,273,40.724,3.258532004
PRIEST,5,MAGE,[388] Add 2 random Demons to your hand.,388,62.824,2.685514065
PRIEST,5,MAGE,[1387] Deal $4 damage to all minions.,1387,55.928,1.987909692
PRIEST,5,MAGE,[1508] Deal $5 damage.,1508,58.356,1.652697401
PRIEST,5,MAGE,[577] Draw 2 cards.,577,56.924,1.684667882
PRIEST,5,MAGE,[972] Gain 7 Armor.,972,52.452,1.786650179
PRIEST,5,MAGE,[629] Give your minions +4 Health.,629,69.852,3.260080121
PRIEST,5,MAGE,[1197] Summon 2 friendly minions that died this game.,1197,62.312,1.476656874
PRIEST,5,MAGE,[1135] Summon a 5/5 Demon.,1135,60.776,2.294995546
PRIEST,5,MAGE,[834] Transform a random enemy minion into a 1/1 Sheep.,834,50.9,2.415716233
PRIEST,5,PALADIN,[193] <b>Freeze</b> 2 random enemy minions.,193,39.836,3.339080685
PRIEST,5,PALADIN,[173] Add 2 random Demons to your hand.,173,55.52,4.95354117
PRIEST,5,PALADIN,[848] Deal $4 damage to all minions.,848,53.328,2.449107315
PRIEST,5,PALADIN,[712] Deal $5 damage.,712,50.592,2.332771051
PRIEST,5,PALADIN,[261] Draw 2 cards.,261,58.856,4.600696903
PRIEST,5,PALADIN,[385] Gain 7 Armor.,385,51.888,3.876423198
PRIEST,5,PALADIN,[260] Give your minions +4 Health.,260,59.852,3.004931028
PRIEST,5,PALADIN,[588] Summon 2 friendly minions that died this game.,588,50.508,2.234827565
PRIEST,5,PALADIN,[508] Summon a 5/5 Demon.,508,55.976,2.77661946
PRIEST,5,PALADIN,[464] Transform a random enemy minion into a 1/1 Sheep.,464,48.868,2.315637659
PRIEST,5,PRIEST,[472] <b>Freeze</b> 2 random enemy minions.,472,34.532,3.12793937
PRIEST,5,PRIEST,[471] Add 2 random Demons to your hand.,471,46.704,2.290704134
PRIEST,5,PRIEST,[1932] Deal $4 damage to all minions.,1932,47.556,1.22182113
PRIEST,5,PRIEST,[2049] Deal $5 damage.,2049,46.428,1.074371111
PRIEST,5,PRIEST,[756] Draw 2 cards.,756,48.692,1.693603702
PRIEST,5,PRIEST,[687] Gain 7 Armor.,687,39.02,2.492553271
PRIEST,5,PRIEST,[747] Give your minions +4 Health.,747,63.06,3.039411768
PRIEST,5,PRIEST,[1525] Summon 2 friendly minions that died this game.,1525,50.352,1.637816953
PRIEST,5,PRIEST,[1396] Summon a 5/5 Demon.,1396,52.02,1.763670571
PRIEST,5,PRIEST,[1327] Transform a random enemy minion into a 1/1 Sheep.,1327,43.916,1.266129268
PRIEST,5,ROGUE,[708] <b>Freeze</b> 2 random enemy minions.,708,34.592,1.930084158
PRIEST,5,ROGUE,[303] Add 2 random Demons to your hand.,303,42.012,4.010531562
PRIEST,5,ROGUE,[3019] Deal $4 damage to all minions.,3019,53.676,1.248658521
PRIEST,5,ROGUE,[2291] Deal $5 damage.,2291,47.436,1.456353911
PRIEST,5,ROGUE,[759] Draw 2 cards.,759,48.78,2.337681686
PRIEST,5,ROGUE,[1355] Gain 7 Armor.,1355,46.46,1.723672659
PRIEST,5,ROGUE,[467] Give your minions +4 Health.,467,55.172,3.073209061
PRIEST,5,ROGUE,[1522] Summon 2 friendly minions that died this game.,1522,50.268,1.184172118
PRIEST,5,ROGUE,[1612] Summon a 5/5 Demon.,1612,51.012,1.365036259
PRIEST,5,ROGUE,[1552] Transform a random enemy minion into a 1/1 Sheep.,1552,45.856,1.305905366
PRIEST,5,SHAMAN,[1246] <b>Freeze</b> 2 random enemy minions.,1246,34.28,1.880397762
PRIEST,5,SHAMAN,[845] Add 2 random Demons to your hand.,845,50.076,2.790906074
PRIEST,5,SHAMAN,[7471] Deal $4 damage to all minions.,7471,60.192,0.917611464
PRIEST,5,SHAMAN,[5267] Deal $5 damage.,5267,49.72,0.856592975
PRIEST,5,SHAMAN,[2064] Draw 2 cards.,2064,53.784,1.771084233
PRIEST,5,SHAMAN,[3403] Gain 7 Armor.,3403,46.416,1.719834239
PRIEST,5,SHAMAN,[1341] Give your minions +4 Health.,1341,58.868,2.107619098
PRIEST,5,SHAMAN,[4045] Summon 2 friendly minions that died this game.,4045,55.712,1.110767803
PRIEST,5,SHAMAN,[4102] Summon a 5/5 Demon.,4102,53.62,1.277644684
PRIEST,5,SHAMAN,[1876] Transform a random enemy minion into a 1/1 Sheep.,1876,43.076,1.348372474
PRIEST,5,WARLOCK,[392] <b>Freeze</b> 2 random enemy minions.,392,39.236,3.130057706
PRIEST,5,WARLOCK,[436] Add 2 random Demons to your hand.,436,53.84,1.980923555
PRIEST,5,WARLOCK,[1594] Deal $4 damage to all minions.,1594,55.188,1.698893772
PRIEST,5,WARLOCK,[1781] Deal $5 damage.,1781,50.12,1.666207729
PRIEST,5,WARLOCK,[630] Draw 2 cards.,630,54.492,2.455420674
PRIEST,5,WARLOCK,[777] Gain 7 Armor.,777,47.9,2.204566544
PRIEST,5,WARLOCK,[513] Give your minions +4 Health.,513,53.276,2.281197653
PRIEST,5,WARLOCK,[1270] Summon 2 friendly minions that died this game.,1270,54.608,2.122831557
PRIEST,5,WARLOCK,[1269] Summon a 5/5 Demon.,1269,53.336,1.832434036
PRIEST,5,WARLOCK,[1140] Transform a random enemy minion into a 1/1 Sheep.,1140,43.192,2.044165775
PRIEST,5,WARRIOR,[1173] <b>Freeze</b> 2 random enemy minions.,1173,40.892,2.261184465
PRIEST,5,WARRIOR,[369] Add 2 random Demons to your hand.,369,58.076,3.584618488
PRIEST,5,WARRIOR,[4667] Deal $4 damage to all minions.,4667,62.728,0.938491776
PRIEST,5,WARRIOR,[3478] Deal $5 damage.,3478,54.3,1.031956102
PRIEST,5,WARRIOR,[1279] Draw 2 cards.,1279,56.772,1.64088865
PRIEST,5,WARRIOR,[3831] Gain 7 Armor.,3831,60.052,1.129724056
PRIEST,5,WARRIOR,[773] Give your minions +4 Health.,773,71.3,1.400989035
PRIEST,5,WARRIOR,[2456] Summon 2 friendly minions that died this game.,2456,62.632,1.338691045
PRIEST,5,WARRIOR,[2378] Summon a 5/5 Demon.,2378,59.832,1.107915625
PRIEST,5,WARRIOR,[1386] Transform a random enemy minion into a 1/1 Sheep.,1386,49.836,2.063518023
PRIEST,10,DRUID,[373] <b>Freeze</b> 3 random enemy minions.,373,36.612,3.146218113
PRIEST,10,DRUID,[490] Add 3 random Demons to your hand.,490,38.38,2.391470187
PRIEST,10,DRUID,[1862] Deal $6 damage to all minions.,1862,36.712,1.220308134
PRIEST,10,DRUID,[1844] Deal $8 damage.,1844,46.824,1.449728867
PRIEST,10,DRUID,[451] Draw 3 cards.,451,41.22,2.895219682
PRIEST,10,DRUID,[809] Gain 10 Armor.,809,35.672,1.682456111
PRIEST,10,DRUID,[784] Give your minions +6 Health.,784,53.088,1.936881518
PRIEST,10,DRUID,[2202] Summon 3 friendly minions that died this game.,2202,47.18,1.177508329
PRIEST,10,DRUID,[1654] Summon an 8/8 Demon.,1654,45.976,1.817411205
PRIEST,10,DRUID,[2015] Transform all minions into 1/1 Sheep.,2015,35.952,1.112139083
PRIEST,10,HUNTER,[69] <b>Freeze</b> 3 random enemy minions.,69,66.88695652,8.632807432
PRIEST,10,HUNTER,[82] Add 3 random Demons to your hand.,82,65.856,8.658075541
PRIEST,10,HUNTER,[243] Deal $6 damage to all minions.,243,61.4,4.848808927
PRIEST,10,HUNTER,[247] Deal $8 damage.,247,74,3.644253417
PRIEST,10,HUNTER,[83] Draw 3 cards.,83,80.90416667,6.070463318
PRIEST,10,HUNTER,[277] Gain 10 Armor.,277,74.36,3.14456621
PRIEST,10,HUNTER,[119] Give your minions +6 Health.,119,74.492,5.028122826
PRIEST,10,HUNTER,[320] Summon 3 friendly minions that died this game.,320,76.576,2.590054045
PRIEST,10,HUNTER,[229] Summon an 8/8 Demon.,229,70.156,4.445801905
PRIEST,10,HUNTER,[171] Transform all minions into 1/1 Sheep.,171,67.028,5.318835954
PRIEST,10,MAGE,[178] <b>Freeze</b> 3 random enemy minions.,178,56.764,4.515039797
PRIEST,10,MAGE,[882] Add 3 random Demons to your hand.,882,69.196,1.728590423
PRIEST,10,MAGE,[1256] Deal $6 damage to all minions.,1256,61.34,1.824086475
PRIEST,10,MAGE,[1953] Deal $8 damage.,1953,69.164,1.041026436
PRIEST,10,MAGE,[399] Draw 3 cards.,399,61.208,2.580473055
PRIEST,10,MAGE,[1372] Gain 10 Armor.,1372,65.784,1.547136083
PRIEST,10,MAGE,[1027] Give your minions +6 Health.,1027,68.944,2.01513492
PRIEST,10,MAGE,[2305] Summon 3 friendly minions that died this game.,2305,67.58,1.135366353
PRIEST,10,MAGE,[1770] Summon an 8/8 Demon.,1770,66.072,1.063013951
PRIEST,10,MAGE,[950] Transform all minions into 1/1 Sheep.,950,58.788,1.694853287
PRIEST,10,PALADIN,[114] <b>Freeze</b> 3 random enemy minions.,114,59.184,6.495071172
PRIEST,10,PALADIN,[198] Add 3 random Demons to your hand.,198,57.964,4.089765827
PRIEST,10,PALADIN,[721] Deal $6 damage to all minions.,721,59.272,2.031031534
PRIEST,10,PALADIN,[569] Deal $8 damage.,569,61.236,2.379263077
PRIEST,10,PALADIN,[155] Draw 3 cards.,155,51.012,6.587539764
PRIEST,10,PALADIN,[496] Gain 10 Armor.,496,56.384,2.680760882
PRIEST,10,PALADIN,[222] Give your minions +6 Health.,222,65.004,3.444975913
PRIEST,10,PALADIN,[772] Summon 3 friendly minions that died this game.,772,67.992,2.477555282
PRIEST,10,PALADIN,[547] Summon an 8/8 Demon.,547,64.028,2.413102176
PRIEST,10,PALADIN,[748] Transform all minions into 1/1 Sheep.,748,63.856,1.951164605
PRIEST,10,PRIEST,[193] <b>Freeze</b> 3 random enemy minions.,193,48.86,4.63566006
PRIEST,10,PRIEST,[810] Add 3 random Demons to your hand.,810,54.128,1.70424625
PRIEST,10,PRIEST,[1985] Deal $6 damage to all minions.,1985,57.06,1.220377982
PRIEST,10,PRIEST,[1822] Deal $8 damage.,1822,56.872,1.700872284
PRIEST,10,PRIEST,[485] Draw 3 cards.,485,58.152,3.044582821
PRIEST,10,PRIEST,[852] Gain 10 Armor.,852,54.54,2.154049202
PRIEST,10,PRIEST,[886] Give your minions +6 Health.,886,63.712,1.792205853
PRIEST,10,PRIEST,[2442] Summon 3 friendly minions that died this game.,2442,62.692,1.12495317
PRIEST,10,PRIEST,[1764] Summon an 8/8 Demon.,1764,58.388,1.653961645
PRIEST,10,PRIEST,[1675] Transform all minions into 1/1 Sheep.,1675,53.724,1.288355543
PRIEST,10,ROGUE,[132] <b>Freeze</b> 3 random enemy minions.,132,49.652,5.467589196
PRIEST,10,ROGUE,[176] Add 3 random Demons to your hand.,176,58.28,4.791412608
PRIEST,10,ROGUE,[749] Deal $6 damage to all minions.,749,55.312,2.588560494
PRIEST,10,ROGUE,[617] Deal $8 damage.,617,60.388,2.766113911
PRIEST,10,ROGUE,[164] Draw 3 cards.,164,61.648,4.993138904
PRIEST,10,ROGUE,[558] Gain 10 Armor.,558,57.26,2.516515745
PRIEST,10,ROGUE,[195] Give your minions +6 Health.,195,66.792,4.964983805
PRIEST,10,ROGUE,[724] Summon 3 friendly minions that died this game.,724,60.248,2.145419936
PRIEST,10,ROGUE,[514] Summon an 8/8 Demon.,514,60.204,2.31737509
PRIEST,10,ROGUE,[635] Transform all minions into 1/1 Sheep.,635,58.984,2.372182776
PRIEST,10,SHAMAN,[318] <b>Freeze</b> 3 random enemy minions.,318,51.076,3.965828191
PRIEST,10,SHAMAN,[791] Add 3 random Demons to your hand.,791,59.42,2.082213955
PRIEST,10,SHAMAN,[2796] Deal $6 damage to all minions.,2796,61,1.305974893
PRIEST,10,SHAMAN,[1993] Deal $8 damage.,1993,59.52,1.003368534
PRIEST,10,SHAMAN,[665] Draw 3 cards.,665,60.564,2.14427262
PRIEST,10,SHAMAN,[1283] Gain 10 Armor.,1283,55.32,1.492239925
PRIEST,10,SHAMAN,[886] Give your minions +6 Health.,886,67.6,1.93278344
PRIEST,10,SHAMAN,[2798] Summon 3 friendly minions that died this game.,2798,62.692,1.075909352
PRIEST,10,SHAMAN,[2059] Summon an 8/8 Demon.,2059,60.944,1.084938447
PRIEST,10,SHAMAN,[2121] Transform all minions into 1/1 Sheep.,2121,53.296,1.190974445
PRIEST,10,WARLOCK,[181] <b>Freeze</b> 3 random enemy minions.,181,38.684,5.648614868
PRIEST,10,WARLOCK,[663] Add 3 random Demons to your hand.,663,47.324,2.431240568
PRIEST,10,WARLOCK,[1622] Deal $6 damage to all minions.,1622,49.112,1.716040685
PRIEST,10,WARLOCK,[1912] Deal $8 damage.,1912,52.576,1.368695901
PRIEST,10,WARLOCK,[440] Draw 3 cards.,440,50.272,2.849817805
PRIEST,10,WARLOCK,[731] Gain 10 Armor.,731,52.496,2.346034255
PRIEST,10,WARLOCK,[554] Give your minions +6 Health.,554,53.056,2.290720313
PRIEST,10,WARLOCK,[2006] Summon 3 friendly minions that died this game.,2006,51.876,1.682893302
PRIEST,10,WARLOCK,[1483] Summon an 8/8 Demon.,1483,49.24,1.815073808
PRIEST,10,WARLOCK,[1272] Transform all minions into 1/1 Sheep.,1272,45.588,1.573127314
PRIEST,10,WARRIOR,[120] <b>Freeze</b> 3 random enemy minions.,120,60.96666667,7.127627387
PRIEST,10,WARRIOR,[404] Add 3 random Demons to your hand.,404,77.516,3.040399875
PRIEST,10,WARRIOR,[579] Deal $6 damage to all minions.,579,67.472,2.62328971
PRIEST,10,WARRIOR,[804] Deal $8 damage.,804,78.864,1.672159182
PRIEST,10,WARRIOR,[192] Draw 3 cards.,192,75.316,3.412191387
PRIEST,10,WARRIOR,[651] Gain 10 Armor.,651,78.388,1.726644209
PRIEST,10,WARRIOR,[400] Give your minions +6 Health.,400,80.18,2.491363508
PRIEST,10,WARRIOR,[1017] Summon 3 friendly minions that died this game.,1017,76.492,1.483208491
PRIEST,10,WARRIOR,[744] Summon an 8/8 Demon.,744,78.7,1.391017101
PRIEST,10,WARRIOR,[515] Transform all minions into 1/1 Sheep.,515,70.748,2.749279971
MAGE,1,DRUID,[238] <b>Freeze</b> a random enemy minion.,238,18.808,3.021740451
MAGE,1,DRUID,[70] Add a random Demon to your hand.,70,30.47391304,9.856631584
MAGE,1,DRUID,[312] Deal $2 damage to all minions.,312,26.244,3.662336324
MAGE,1,DRUID,[428] Deal $3 damage.,428,31.952,2.486972455
MAGE,1,DRUID,[158] Draw a card.,158,36.8,6.32758315
MAGE,1,DRUID,[240] Gain 4 Armor.,240,27.744,6.125731901
MAGE,1,DRUID,[135] Give your minions +2 Health.,135,49.852,6.245982245
MAGE,1,DRUID,[96] Summon a 2/2 Demon.,96,32.73333333,4.672593741
MAGE,1,DRUID,[247] Summon a friendly minion that died this game.,247,36.72,4.055990903
MAGE,1,HUNTER,[112] <b>Freeze</b> a random enemy minion.,112,30.94,4.914977633
MAGE,1,HUNTER,[25] Add a random Demon to your hand.,25,48.88666667,14.40651602
MAGE,1,HUNTER,[195] Deal $2 damage to all minions.,195,34.552,5.100203319
MAGE,1,HUNTER,[174] Deal $3 damage.,174,36.992,5.755399436
MAGE,1,HUNTER,[81] Draw a card.,81,42.19565217,7.623541788
MAGE,1,HUNTER,[187] Gain 4 Armor.,187,24.896,4.294099147
MAGE,1,HUNTER,[48] Give your minions +2 Health.,48,48.18181818,9.427254935
MAGE,1,HUNTER,[40] Summon a 2/2 Demon.,40,17.96111111,8.968994971
MAGE,1,HUNTER,[120] Summon a friendly minion that died this game.,120,46.38,6.028969458
MAGE,1,MAGE,[138] <b>Freeze</b> a random enemy minion.,138,26.65833333,6.016650441
MAGE,1,MAGE,[87] Add a random Demon to your hand.,87,43.36818182,6.740095202
MAGE,1,MAGE,[227] Deal $2 damage to all minions.,227,37.656,4.10852709
MAGE,1,MAGE,[345] Deal $3 damage.,345,39.74,3.116405194
MAGE,1,MAGE,[176] Draw a card.,176,33.756,5.457908791
MAGE,1,MAGE,[265] Gain 4 Armor.,265,32.64,5.294560892
MAGE,1,MAGE,[142] Give your minions +2 Health.,142,53.604,5.35509707
MAGE,1,MAGE,[68] Summon a 2/2 Demon.,68,42.94347826,7.672507315
MAGE,1,MAGE,[220] Summon a friendly minion that died this game.,220,37.38,3.979528299
MAGE,1,PALADIN,[62] <b>Freeze</b> a random enemy minion.,62,23.4,7.356945426
MAGE,1,PALADIN,[16] Add a random Demon to your hand.,16,46.42857143,16.04681384
MAGE,1,PALADIN,[136] Deal $2 damage to all minions.,136,48.93333333,6.089644738
MAGE,1,PALADIN,[149] Deal $3 damage.,149,57.1625,5.485826306
MAGE,1,PALADIN,[51] Draw a card.,51,42.91,10.91016123
MAGE,1,PALADIN,[81] Gain 4 Armor.,81,44.42727273,8.11016266
MAGE,1,PALADIN,[56] Give your minions +2 Health.,56,70.08181818,8.266506619
MAGE,1,PALADIN,[33] Summon a 2/2 Demon.,33,67.46190476,10.24005642
MAGE,1,PALADIN,[84] Summon a friendly minion that died this game.,84,38.75,7.763030771
MAGE,1,PRIEST,[153] <b>Freeze</b> a random enemy minion.,153,18.312,4.020049836
MAGE,1,PRIEST,[45] Add a random Demon to your hand.,45,36.36363636,9.048401464
MAGE,1,PRIEST,[205] Deal $2 damage to all minions.,205,23.616,3.312439442
MAGE,1,PRIEST,[262] Deal $3 damage.,262,38.86,4.340670222
MAGE,1,PRIEST,[119] Draw a card.,119,37.276,7.36614882
MAGE,1,PRIEST,[172] Gain 4 Armor.,172,21.425,4.534234318
MAGE,1,PRIEST,[86] Give your minions +2 Health.,86,53.00909091,6.573098299
MAGE,1,PRIEST,[39] Summon a 2/2 Demon.,39,29.53333333,9.923724954
MAGE,1,PRIEST,[169] Summon a friendly minion that died this game.,169,32.34583333,4.551589083
MAGE,1,ROGUE,[543] <b>Freeze</b> a random enemy minion.,543,29.972,2.789363954
MAGE,1,ROGUE,[75] Add a random Demon to your hand.,75,41.93181818,8.923290878
MAGE,1,ROGUE,[768] Deal $2 damage to all minions.,768,40.72,2.883041517
MAGE,1,ROGUE,[704] Deal $3 damage.,704,39.704,2.686679924
MAGE,1,ROGUE,[329] Draw a card.,329,34.604,3.860503127
MAGE,1,ROGUE,[627] Gain 4 Armor.,627,36.42,2.554963021
MAGE,1,ROGUE,[170] Give your minions +2 Health.,170,48.044,4.451836248
MAGE,1,ROGUE,[166] Summon a 2/2 Demon.,166,39.016,4.949039305
MAGE,1,ROGUE,[474] Summon a friendly minion that died this game.,474,40.604,2.797978152
MAGE,1,SHAMAN,[731] <b>Freeze</b> a random enemy minion.,731,28.12,2.127682407
MAGE,1,SHAMAN,[166] Add a random Demon to your hand.,166,36.808,5.644928194
MAGE,1,SHAMAN,[2139] Deal $2 damage to all minions.,2139,43.844,1.423558231
MAGE,1,SHAMAN,[1817] Deal $3 damage.,1817,43.74,1.126744722
MAGE,1,SHAMAN,[693] Draw a card.,693,42.212,3.156794416
MAGE,1,SHAMAN,[1421] Gain 4 Armor.,1421,38.636,1.801957251
MAGE,1,SHAMAN,[406] Give your minions +2 Health.,406,52.072,5.040419528
MAGE,1,SHAMAN,[390] Summon a 2/2 Demon.,390,47.6,4.447228811
MAGE,1,SHAMAN,[951] Summon a friendly minion that died this game.,951,45.648,2.476313416
MAGE,1,WARLOCK,[219] <b>Freeze</b> a random enemy minion.,219,40.488,4.162215402
MAGE,1,WARLOCK,[86] Add a random Demon to your hand.,86,51.23333333,7.723713276
MAGE,1,WARLOCK,[375] Deal $2 damage to all minions.,375,48.376,3.645062317
MAGE,1,WARLOCK,[501] Deal $3 damage.,501,54.644,3.012544551
MAGE,1,WARLOCK,[187] Draw a card.,187,57.42,3.868088726
MAGE,1,WARLOCK,[256] Gain 4 Armor.,256,46.204,3.814600639
MAGE,1,WARLOCK,[118] Give your minions +2 Health.,118,65.025,6.402136051
MAGE,1,WARLOCK,[100] Summon a 2/2 Demon.,100,62.41666667,5.697463058
MAGE,1,WARLOCK,[276] Summon a friendly minion that died this game.,276,57.516,3.711475156
MAGE,1,WARRIOR,[1216] <b>Freeze</b> a random enemy minion.,1216,33.932,1.499250656
MAGE,1,WARRIOR,[217] Add a random Demon to your hand.,217,32.468,4.697770754
MAGE,1,WARRIOR,[1789] Deal $2 damage to all minions.,1789,40.38,1.666444038
MAGE,1,WARRIOR,[2120] Deal $3 damage.,2120,44.196,1.399921907
MAGE,1,WARRIOR,[843] Draw a card.,843,37.552,1.950262655
MAGE,1,WARRIOR,[2280] Gain 4 Armor.,2280,40.988,1.173554105
MAGE,1,WARRIOR,[417] Give your minions +2 Health.,417,49.72,3.912564733
MAGE,1,WARRIOR,[472] Summon a 2/2 Demon.,472,42.76,3.710740658
MAGE,1,WARRIOR,[1126] Summon a friendly minion that died this game.,1126,42.72,1.78058396
MAGE,5,DRUID,[1044] <b>Freeze</b> 2 random enemy minions.,1044,22.584,1.638432884
MAGE,5,DRUID,[797] Add 2 random Demons to your hand.,797,33.792,2.375736679
MAGE,5,DRUID,[3546] Deal $4 damage to all minions.,3546,37.764,1.082668764
MAGE,5,DRUID,[3212] Deal $5 damage.,3212,35.788,0.780005908
MAGE,5,DRUID,[1375] Draw 2 cards.,1375,37.276,1.680538064
MAGE,5,DRUID,[1496] Gain 7 Armor.,1496,32.004,1.595745185
MAGE,5,DRUID,[1055] Give your minions +4 Health.,1055,49.068,1.44281721
MAGE,5,DRUID,[2705] Summon 2 friendly minions that died this game.,2705,44.296,1.122738798
MAGE,5,DRUID,[2680] Summon a 5/5 Demon.,2680,42.608,1.110842872
MAGE,5,DRUID,[1898] Transform a random enemy minion into a 1/1 Sheep.,1898,34.808,1.509692209
MAGE,5,HUNTER,[290] <b>Freeze</b> 2 random enemy minions.,290,42.328,3.882508452
MAGE,5,HUNTER,[185] Add 2 random Demons to your hand.,185,47.848,4.870501152
MAGE,5,HUNTER,[1361] Deal $4 damage to all minions.,1361,53.82,1.845020149
MAGE,5,HUNTER,[1019] Deal $5 damage.,1019,50.292,1.71959503
MAGE,5,HUNTER,[401] Draw 2 cards.,401,50.528,3.475467465
MAGE,5,HUNTER,[1076] Gain 7 Armor.,1076,53.136,1.650520816
MAGE,5,HUNTER,[242] Give your minions +4 Health.,242,56.22,5.020091994
MAGE,5,HUNTER,[788] Summon 2 friendly minions that died this game.,788,57.004,2.515415404
MAGE,5,HUNTER,[830] Summon a 5/5 Demon.,830,57.136,2.472866593
MAGE,5,HUNTER,[632] Transform a random enemy minion into a 1/1 Sheep.,632,51.532,2.612000512
MAGE,5,MAGE,[441] <b>Freeze</b> 2 random enemy minions.,441,31.48,2.34168128
MAGE,5,MAGE,[559] Add 2 random Demons to your hand.,559,50.068,2.671864147
MAGE,5,MAGE,[1818] Deal $4 damage to all minions.,1818,49.252,1.979357486
MAGE,5,MAGE,[2112] Deal $5 damage.,2112,49.592,1.445931512
MAGE,5,MAGE,[854] Draw 2 cards.,854,47.848,2.109216444
MAGE,5,MAGE,[1694] Gain 7 Armor.,1694,46.5,1.157890247
MAGE,5,MAGE,[624] Give your minions +4 Health.,624,54.2,2.626003256
MAGE,5,MAGE,[1651] Summon 2 friendly minions that died this game.,1651,51.156,1.360579126
MAGE,5,MAGE,[1658] Summon a 5/5 Demon.,1658,54.38,1.494116928
MAGE,5,MAGE,[1159] Transform a random enemy minion into a 1/1 Sheep.,1159,41.48,1.965357564
MAGE,5,PALADIN,[294] <b>Freeze</b> 2 random enemy minions.,294,36.764,3.018027816
MAGE,5,PALADIN,[211] Add 2 random Demons to your hand.,211,47.292,5.079888489
MAGE,5,PALADIN,[1201] Deal $4 damage to all minions.,1201,57.164,1.48136395
MAGE,5,PALADIN,[898] Deal $5 damage.,898,55.452,1.769140251
MAGE,5,PALADIN,[331] Draw 2 cards.,331,59.264,3.846729078
MAGE,5,PALADIN,[595] Gain 7 Armor.,595,51.084,2.328037513
MAGE,5,PALADIN,[262] Give your minions +4 Health.,262,64.032,2.902839761
MAGE,5,PALADIN,[685] Summon 2 friendly minions that died this game.,685,59.464,1.759790404
MAGE,5,PALADIN,[711] Summon a 5/5 Demon.,711,58.376,2.920734659
MAGE,5,PALADIN,[624] Transform a random enemy minion into a 1/1 Sheep.,624,54.96,2.625412213
MAGE,5,PRIEST,[929] <b>Freeze</b> 2 random enemy minions.,929,19.036,1.902987377
MAGE,5,PRIEST,[795] Add 2 random Demons to your hand.,795,40.696,2.137603788
MAGE,5,PRIEST,[3713] Deal $4 damage to all minions.,3713,43.984,1.413017863
MAGE,5,PRIEST,[3350] Deal $5 damage.,3350,38.98,1.064265689
MAGE,5,PRIEST,[1225] Draw 2 cards.,1225,41.752,1.809426031
MAGE,5,PRIEST,[1389] Gain 7 Armor.,1389,30.136,1.30387823
MAGE,5,PRIEST,[668] Give your minions +4 Health.,668,47.352,2.099188264
MAGE,5,PRIEST,[2330] Summon 2 friendly minions that died this game.,2330,43.356,1.336931254
MAGE,5,PRIEST,[2381] Summon a 5/5 Demon.,2381,44.128,1.001786423
MAGE,5,PRIEST,[2068] Transform a random enemy minion into a 1/1 Sheep.,2068,35.384,1.15465864
MAGE,5,ROGUE,[1876] <b>Freeze</b> 2 random enemy minions.,1876,42.876,1.245389414
MAGE,5,ROGUE,[451] Add 2 random Demons to your hand.,451,47.508,3.113742612
MAGE,5,ROGUE,[6278] Deal $4 damage to all minions.,6278,59.452,1.022918561
MAGE,5,ROGUE,[4188] Deal $5 damage.,4188,53.072,0.998961616
MAGE,5,ROGUE,[1742] Draw 2 cards.,1742,51.684,1.428716576
MAGE,5,ROGUE,[3387] Gain 7 Armor.,3387,52.712,1.194738418
MAGE,5,ROGUE,[599] Give your minions +4 Health.,599,57.648,2.523465717
MAGE,5,ROGUE,[2821] Summon 2 friendly minions that died this game.,2821,55.688,0.940582387
MAGE,5,ROGUE,[3114] Summon a 5/5 Demon.,3114,57.272,1.147552273
MAGE,5,ROGUE,[3590] Transform a random enemy minion into a 1/1 Sheep.,3590,51.732,1.074720317
MAGE,5,SHAMAN,[3242] <b>Freeze</b> 2 random enemy minions.,3242,36.22,1.259532025
MAGE,5,SHAMAN,[1525] Add 2 random Demons to your hand.,1525,52.716,1.781438157
MAGE,5,SHAMAN,[17411] Deal $4 damage to all minions.,17411,63.636,0.756720195
MAGE,5,SHAMAN,[11627] Deal $5 damage.,11627,50.08,0.841974461
MAGE,5,SHAMAN,[5103] Draw 2 cards.,5103,55.184,0.779333308
MAGE,5,SHAMAN,[9668] Gain 7 Armor.,9668,50.632,1.188565046
MAGE,5,SHAMAN,[1958] Give your minions +4 Health.,1958,60.54,1.694712242
MAGE,5,SHAMAN,[8115] Summon 2 friendly minions that died this game.,8115,57.152,0.989025311
MAGE,5,SHAMAN,[8977] Summon a 5/5 Demon.,8977,58,0.92730588
MAGE,5,SHAMAN,[4196] Transform a random enemy minion into a 1/1 Sheep.,4196,43.048,0.954899354
MAGE,5,WARLOCK,[832] <b>Freeze</b> 2 random enemy minions.,832,40.54,2.072166878
MAGE,5,WARLOCK,[550] Add 2 random Demons to your hand.,550,58.452,2.127509524
MAGE,5,WARLOCK,[2801] Deal $4 damage to all minions.,2801,63.916,1.640975602
MAGE,5,WARLOCK,[2698] Deal $5 damage.,2698,53.428,1.542034999
MAGE,5,WARLOCK,[1102] Draw 2 cards.,1102,58.5,1.606472556
MAGE,5,WARLOCK,[1624] Gain 7 Armor.,1624,52.452,1.550716695
MAGE,5,WARLOCK,[583] Give your minions +4 Health.,583,64.628,2.575617756
MAGE,5,WARLOCK,[1990] Summon 2 friendly minions that died this game.,1990,59.52,1.816298486
MAGE,5,WARLOCK,[1996] Summon a 5/5 Demon.,1996,59.576,1.356371039
MAGE,5,WARLOCK,[1780] Transform a random enemy minion into a 1/1 Sheep.,1780,50.112,1.525465
MAGE,5,WARRIOR,[2564] <b>Freeze</b> 2 random enemy minions.,2564,44.94,1.237866146
MAGE,5,WARRIOR,[773] Add 2 random Demons to your hand.,773,60.804,1.872243773
MAGE,5,WARRIOR,[9501] Deal $4 damage to all minions.,9501,64.32,0.620904039
MAGE,5,WARRIOR,[6707] Deal $5 damage.,6707,57.472,0.608374459
MAGE,5,WARRIOR,[3281] Draw 2 cards.,3281,56.636,1.314070774
MAGE,5,WARRIOR,[8907] Gain 7 Armor.,8907,64.692,0.635210564
MAGE,5,WARRIOR,[1321] Give your minions +4 Health.,1321,68.968,1.748975177
MAGE,5,WARRIOR,[4765] Summon 2 friendly minions that died this game.,4765,63.208,0.876689619
MAGE,5,WARRIOR,[4948] Summon a 5/5 Demon.,4948,62.616,0.64266976
MAGE,5,WARRIOR,[2599] Transform a random enemy minion into a 1/1 Sheep.,2599,52.524,1.570400412
MAGE,10,DRUID,[925] <b>Freeze</b> 3 random enemy minions.,925,32.464,1.707157181
MAGE,10,DRUID,[806] Add 3 random Demons to your hand.,806,39.45,3.912468119
MAGE,10,DRUID,[3795] Deal $6 damage to all minions.,3795,38.164,0.90875811
MAGE,10,DRUID,[3386] Deal $8 damage.,3386,42.292,0.888212607
MAGE,10,DRUID,[821] Draw 3 cards.,821,37.232,1.931701206
MAGE,10,DRUID,[1974] Gain 10 Armor.,1974,34.1,1.703885773
MAGE,10,DRUID,[1026] Give your minions +6 Health.,1026,50.252,1.864478541
MAGE,10,DRUID,[3810] Summon 3 friendly minions that died this game.,3810,46.52,0.913286824
MAGE,10,DRUID,[3255] Summon an 8/8 Demon.,3255,46.67692308,2.645823965
MAGE,10,DRUID,[4134] Transform all minions into 1/1 Sheep.,4134,36.584,0.782210963
MAGE,10,HUNTER,[115] <b>Freeze</b> 3 random enemy minions.,115,53.39583333,7.483858675
MAGE,10,HUNTER,[130] Add 3 random Demons to your hand.,130,66.428,5.212756201
MAGE,10,HUNTER,[414] Deal $6 damage to all minions.,414,58.388,3.245355184
MAGE,10,HUNTER,[410] Deal $8 damage.,410,68.348,3.552677005
MAGE,10,HUNTER,[148] Draw 3 cards.,148,58.97916667,4.240511093
MAGE,10,HUNTER,[579] Gain 10 Armor.,579,67.232,2.391147829
MAGE,10,HUNTER,[150] Give your minions +6 Health.,150,67.625,5.580869714
MAGE,10,HUNTER,[455] Summon 3 friendly minions that died this game.,455,64.636,2.445523647
MAGE,10,HUNTER,[416] Summon an 8/8 Demon.,416,68.324,3.214085983
MAGE,10,HUNTER,[291] Transform all minions into 1/1 Sheep.,291,59.236,4.127784455
MAGE,10,MAGE,[303] <b>Freeze</b> 3 random enemy minions.,303,46.676,4.170171119
MAGE,10,MAGE,[1300] Add 3 random Demons to your hand.,1300,53.76,1.795171827
MAGE,10,MAGE,[2204] Deal $6 damage to all minions.,2204,51.712,1.438952682
MAGE,10,MAGE,[3248] Deal $8 damage.,3248,59.356,1.17664406
MAGE,10,MAGE,[731] Draw 3 cards.,731,52.028,2.658582931
MAGE,10,MAGE,[2622] Gain 10 Armor.,2622,58.66,1.405940241
MAGE,10,MAGE,[1298] Give your minions +6 Health.,1298,63.048,2.129685869
MAGE,10,MAGE,[3596] Summon 3 friendly minions that died this game.,3596,61.428,1.198497527
MAGE,10,MAGE,[3014] Summon an 8/8 Demon.,3014,57.172,1.503212876
MAGE,10,MAGE,[1502] Transform all minions into 1/1 Sheep.,1502,48.068,1.742606631
MAGE,10,PALADIN,[223] <b>Freeze</b> 3 random enemy minions.,223,53.112,4.321150805
MAGE,10,PALADIN,[306] Add 3 random Demons to your hand.,306,66.816,3.930029622
MAGE,10,PALADIN,[1198] Deal $6 damage to all minions.,1198,59.94,1.262581077
MAGE,10,PALADIN,[965] Deal $8 damage.,965,65.68,1.560705354
MAGE,10,PALADIN,[231] Draw 3 cards.,231,59.492,3.489026261
MAGE,10,PALADIN,[952] Gain 10 Armor.,952,60.896,1.960277085
MAGE,10,PALADIN,[287] Give your minions +6 Health.,287,65.324,3.763223119
MAGE,10,PALADIN,[1092] Summon 3 friendly minions that died this game.,1092,66.144,1.898395497
MAGE,10,PALADIN,[856] Summon an 8/8 Demon.,856,63.404,1.399607502
MAGE,10,PALADIN,[1274] Transform all minions into 1/1 Sheep.,1274,64.812,1.419227445
MAGE,10,PRIEST,[454] <b>Freeze</b> 3 random enemy minions.,454,36.104,2.830464444
MAGE,10,PRIEST,[1445] Add 3 random Demons to your hand.,1445,44.376,1.432708956
MAGE,10,PRIEST,[3733] Deal $6 damage to all minions.,3733,48.624,1.217342717
MAGE,10,PRIEST,[2918] Deal $8 damage.,2918,48.784,1.164188085
MAGE,10,PRIEST,[920] Draw 3 cards.,920,44.112,1.680207792
MAGE,10,PRIEST,[2035] Gain 10 Armor.,2035,43.252,1.765142462
MAGE,10,PRIEST,[997] Give your minions +6 Health.,997,57.944,2.14296732
MAGE,10,PRIEST,[3880] Summon 3 friendly minions that died this game.,3880,54.188,1.175880803
MAGE,10,PRIEST,[2903] Summon an 8/8 Demon.,2903,50.936,1.08593714
MAGE,10,PRIEST,[3167] Transform all minions into 1/1 Sheep.,3167,45.152,1.072657928
MAGE,10,ROGUE,[430] <b>Freeze</b> 3 random enemy minions.,430,56.424,2.963460831
MAGE,10,ROGUE,[353] Add 3 random Demons to your hand.,353,59.656,2.916201253
MAGE,10,ROGUE,[1662] Deal $6 damage to all minions.,1662,59.856,1.183670484
MAGE,10,ROGUE,[1394] Deal $8 damage.,1394,64.656,1.839980022
MAGE,10,ROGUE,[406] Draw 3 cards.,406,55.7,3.1729007
MAGE,10,ROGUE,[1591] Gain 10 Armor.,1591,61.728,1.859358116
MAGE,10,ROGUE,[401] Give your minions +6 Health.,401,69.956,2.664114471
MAGE,10,ROGUE,[1551] Summon 3 friendly minions that died this game.,1551,63.092,1.509968353
MAGE,10,ROGUE,[1228] Summon an 8/8 Demon.,1228,59.88,1.381425955
MAGE,10,ROGUE,[1482] Transform all minions into 1/1 Sheep.,1482,58.568,2.207398603
MAGE,10,SHAMAN,[854] <b>Freeze</b> 3 random enemy minions.,854,45.496,2.392481924
MAGE,10,SHAMAN,[1261] Add 3 random Demons to your hand.,1261,58.844,1.814755767
MAGE,10,SHAMAN,[6477] Deal $6 damage to all minions.,6477,61.856,0.865900628
MAGE,10,SHAMAN,[4190] Deal $8 damage.,4190,59.996,0.998659214
MAGE,10,SHAMAN,[1531] Draw 3 cards.,1531,59.664,2.108379032
MAGE,10,SHAMAN,[3937] Gain 10 Armor.,3937,55.64,1.484848586
MAGE,10,SHAMAN,[1261] Give your minions +6 Health.,1261,66.46,1.530810761
MAGE,10,SHAMAN,[5586] Summon 3 friendly minions that died this game.,5586,61.376,0.844317263
MAGE,10,SHAMAN,[4166] Summon an 8/8 Demon.,4166,61.276,0.774102636
MAGE,10,SHAMAN,[4887] Transform all minions into 1/1 Sheep.,4887,52.456,0.681957935
MAGE,10,WARLOCK,[468] <b>Freeze</b> 3 random enemy minions.,468,57.356,2.782159754
MAGE,10,WARLOCK,[1067] Add 3 random Demons to your hand.,1067,58.284,2.106519368
MAGE,10,WARLOCK,[3247] Deal $6 damage to all minions.,3247,62.6,1.260065223
MAGE,10,WARLOCK,[3527] Deal $8 damage.,3527,62.412,1.137207495
MAGE,10,WARLOCK,[748] Draw 3 cards.,748,60.496,1.557384505
MAGE,10,WARLOCK,[1892] Gain 10 Armor.,1892,60.264,1.659785084
MAGE,10,WARLOCK,[725] Give your minions +6 Health.,725,61.964,2.068182315
MAGE,10,WARLOCK,[3354] Summon 3 friendly minions that died this game.,3354,66.08,0.973728147
MAGE,10,WARLOCK,[2636] Summon an 8/8 Demon.,2636,62.476,1.564578269
MAGE,10,WARLOCK,[2558] Transform all minions into 1/1 Sheep.,2558,61.096,1.102965579
MAGE,10,WARRIOR,[327] <b>Freeze</b> 3 random enemy minions.,327,72.968,2.898879296
MAGE,10,WARRIOR,[704] Add 3 random Demons to your hand.,704,71.76,2.241575842
MAGE,10,WARRIOR,[1191] Deal $6 damage to all minions.,1191,66,1.42297105
MAGE,10,WARRIOR,[1598] Deal $8 damage.,1598,74.604,1.245300137
MAGE,10,WARRIOR,[569] Draw 3 cards.,569,72.224,2.480352437
MAGE,10,WARRIOR,[1757] Gain 10 Armor.,1757,77.796,1.330181582
MAGE,10,WARRIOR,[707] Give your minions +6 Health.,707,75.116,2.22687173
MAGE,10,WARRIOR,[1900] Summon 3 friendly minions that died this game.,1900,73.196,1.533221965
MAGE,10,WARRIOR,[1653] Summon an 8/8 Demon.,1653,74.288,1.489043902
MAGE,10,WARRIOR,[810] Transform all minions into 1/1 Sheep.,810,65.352,2.239716322
WARLOCK,1,DRUID,[577] <b>Freeze</b> a random enemy minion.,577,28.184,2.366385435
WARLOCK,1,DRUID,[191] Add a random Demon to your hand.,191,48.512,5.844035055
WARLOCK,1,DRUID,[709] Deal $2 damage to all minions.,709,36.184,1.868716995
WARLOCK,1,DRUID,[1076] Deal $3 damage.,1076,40.92,1.858940496
WARLOCK,1,DRUID,[314] Draw a card.,314,41.804,2.616800344
WARLOCK,1,DRUID,[642] Gain 4 Armor.,642,33.912,2.955658185
WARLOCK,1,DRUID,[468] Give your minions +2 Health.,468,57.324,2.998149041
WARLOCK,1,DRUID,[261] Summon a 2/2 Demon.,261,42.684,4.37855583
WARLOCK,1,DRUID,[732] Summon a friendly minion that died this game.,732,43.468,2.713387513
WARLOCK,1,HUNTER,[211] <b>Freeze</b> a random enemy minion.,211,30.896,5.154950125
WARLOCK,1,HUNTER,[57] Add a random Demon to your hand.,57,45.35714286,8.780553336
WARLOCK,1,HUNTER,[369] Deal $2 damage to all minions.,369,41.86,4.293254995
WARLOCK,1,HUNTER,[367] Deal $3 damage.,367,44.332,3.87527816
WARLOCK,1,HUNTER,[124] Draw a card.,124,34.12083333,6.79411979
WARLOCK,1,HUNTER,[368] Gain 4 Armor.,368,38.168,3.417563724
WARLOCK,1,HUNTER,[109] Give your minions +2 Health.,109,52.1875,5.869894106
WARLOCK,1,HUNTER,[93] Summon a 2/2 Demon.,93,35.588,6.068317998
WARLOCK,1,HUNTER,[256] Summon a friendly minion that died this game.,256,41.824,3.890505076
WARLOCK,1,MAGE,[301] <b>Freeze</b> a random enemy minion.,301,32.812,2.96689825
WARLOCK,1,MAGE,[150] Add a random Demon to your hand.,150,56.72,5.528277005
WARLOCK,1,MAGE,[467] Deal $2 damage to all minions.,467,39.96,2.108830731
WARLOCK,1,MAGE,[759] Deal $3 damage.,759,45.832,2.427411828
WARLOCK,1,MAGE,[244] Draw a card.,244,47.156,4.073332147
WARLOCK,1,MAGE,[613] Gain 4 Armor.,613,40.728,2.471907623
WARLOCK,1,MAGE,[336] Give your minions +2 Health.,336,49.976,3.490309695
WARLOCK,1,MAGE,[187] Summon a 2/2 Demon.,187,43.676,4.127326537
WARLOCK,1,MAGE,[479] Summon a friendly minion that died this game.,479,40.516,2.9227594
WARLOCK,1,PALADIN,[152] <b>Freeze</b> a random enemy minion.,152,42.436,5.901326235
WARLOCK,1,PALADIN,[64] Add a random Demon to your hand.,64,50.94782609,9.44010747
WARLOCK,1,PALADIN,[281] Deal $2 damage to all minions.,281,46.108,4.103505529
WARLOCK,1,PALADIN,[295] Deal $3 damage.,295,55.152,5.028510691
WARLOCK,1,PALADIN,[99] Draw a card.,99,41.712,6.467336857
WARLOCK,1,PALADIN,[199] Gain 4 Armor.,199,38.592,3.807784273
WARLOCK,1,PALADIN,[138] Give your minions +2 Health.,138,58.408,5.931917194
WARLOCK,1,PALADIN,[67] Summon a 2/2 Demon.,67,64.35416667,8.816870783
WARLOCK,1,PALADIN,[193] Summon a friendly minion that died this game.,193,47.384,5.272218209
WARLOCK,1,PRIEST,[399] <b>Freeze</b> a random enemy minion.,399,37.096,2.379706965
WARLOCK,1,PRIEST,[140] Add a random Demon to your hand.,140,50.908,6.437299202
WARLOCK,1,PRIEST,[433] Deal $2 damage to all minions.,433,39.648,2.369519911
WARLOCK,1,PRIEST,[685] Deal $3 damage.,685,48.868,1.972647782
WARLOCK,1,PRIEST,[190] Draw a card.,190,48.688,4.68667169
WARLOCK,1,PRIEST,[512] Gain 4 Armor.,512,38.224,3.507290548
WARLOCK,1,PRIEST,[296] Give your minions +2 Health.,296,61.668,3.399657893
WARLOCK,1,PRIEST,[133] Summon a 2/2 Demon.,133,49.208,5.863047144
WARLOCK,1,PRIEST,[498] Summon a friendly minion that died this game.,498,50.412,2.754702039
WARLOCK,1,ROGUE,[1281] <b>Freeze</b> a random enemy minion.,1281,32.6,1.674721508
WARLOCK,1,ROGUE,[186] Add a random Demon to your hand.,186,45.568,5.042157213
WARLOCK,1,ROGUE,[1640] Deal $2 damage to all minions.,1640,40.832,1.601645511
WARLOCK,1,ROGUE,[1594] Deal $3 damage.,1594,41.432,1.843836156
WARLOCK,1,ROGUE,[553] Draw a card.,553,34.616,2.935025306
WARLOCK,1,ROGUE,[1454] Gain 4 Armor.,1454,38.768,1.566759525
WARLOCK,1,ROGUE,[502] Give your minions +2 Health.,502,55.588,2.959174802
WARLOCK,1,ROGUE,[377] Summon a 2/2 Demon.,377,45.304,3.584600395
WARLOCK,1,ROGUE,[1085] Summon a friendly minion that died this game.,1085,41.896,2.335644413
WARLOCK,1,SHAMAN,[1665] <b>Freeze</b> a random enemy minion.,1665,34.816,1.384502351
WARLOCK,1,SHAMAN,[354] Add a random Demon to your hand.,354,47.96,3.948013602
WARLOCK,1,SHAMAN,[3493] Deal $2 damage to all minions.,3493,47.684,1.245787366
WARLOCK,1,SHAMAN,[3474] Deal $3 damage.,3474,46.424,1.024279908
WARLOCK,1,SHAMAN,[995] Draw a card.,995,43.632,2.220132175
WARLOCK,1,SHAMAN,[2996] Gain 4 Armor.,2996,43.56,1.444378087
WARLOCK,1,SHAMAN,[950] Give your minions +2 Health.,950,55.5,1.798368884
WARLOCK,1,SHAMAN,[788] Summon a 2/2 Demon.,788,49.332,2.350426078
WARLOCK,1,SHAMAN,[2203] Summon a friendly minion that died this game.,2203,49.188,1.422129565
WARLOCK,1,WARLOCK,[476] <b>Freeze</b> a random enemy minion.,476,39.88,2.920288297
WARLOCK,1,WARLOCK,[191] Add a random Demon to your hand.,191,48.78,5.093508682
WARLOCK,1,WARLOCK,[755] Deal $2 damage to all minions.,755,48.424,2.722170665
WARLOCK,1,WARLOCK,[1040] Deal $3 damage.,1040,57.508,2.375278397
WARLOCK,1,WARLOCK,[297] Draw a card.,297,49.864,3.209207699
WARLOCK,1,WARLOCK,[688] Gain 4 Armor.,688,47.444,3.141493685
WARLOCK,1,WARLOCK,[380] Give your minions +2 Health.,380,59.752,3.352989579
WARLOCK,1,WARLOCK,[231] Summon a 2/2 Demon.,231,55.852,4.130842903
WARLOCK,1,WARLOCK,[684] Summon a friendly minion that died this game.,684,54.712,2.802931211
WARLOCK,1,WARRIOR,[2294] <b>Freeze</b> a random enemy minion.,2294,32.776,1.378560466
WARLOCK,1,WARRIOR,[373] Add a random Demon to your hand.,373,36.624,3.010430931
WARLOCK,1,WARRIOR,[3028] Deal $2 damage to all minions.,3028,40.696,1.087995647
WARLOCK,1,WARRIOR,[4073] Deal $3 damage.,4073,43.948,0.873757294
WARLOCK,1,WARRIOR,[1257] Draw a card.,1257,37.432,1.239170052
WARLOCK,1,WARRIOR,[4151] Gain 4 Armor.,4151,40.9,0.915364148
WARLOCK,1,WARRIOR,[1014] Give your minions +2 Health.,1014,50.516,1.596256044
WARLOCK,1,WARRIOR,[825] Summon a 2/2 Demon.,825,42.74,1.991221649
WARLOCK,1,WARRIOR,[2473] Summon a friendly minion that died this game.,2473,43.372,1.510069594
WARLOCK,5,DRUID,[1702] <b>Freeze</b> 2 random enemy minions.,1702,34.868,1.548872392
WARLOCK,5,DRUID,[1071] Add 2 random Demons to your hand.,1071,47.976,1.297849215
WARLOCK,5,DRUID,[5113] Deal $4 damage to all minions.,5113,42.824,0.874927167
WARLOCK,5,DRUID,[5897] Deal $5 damage.,5897,46.876,1.034182094
WARLOCK,5,DRUID,[1368] Draw 2 cards.,1368,46.724,1.784745475
WARLOCK,5,DRUID,[2944] Gain 7 Armor.,2944,42.58,1.027186626
WARLOCK,5,DRUID,[2707] Give your minions +4 Health.,2707,60.55,2.256001949
WARLOCK,5,DRUID,[5071] Summon 2 friendly minions that died this game.,5071,52.832,0.959101091
WARLOCK,5,DRUID,[4961] Summon a 5/5 Demon.,4961,51.704,0.779327364
WARLOCK,5,DRUID,[3762] Transform a random enemy minion into a 1/1 Sheep.,3762,47.36538462,2.569655184
WARLOCK,5,HUNTER,[376] <b>Freeze</b> 2 random enemy minions.,376,36.132,3.332816632
WARLOCK,5,HUNTER,[206] Add 2 random Demons to your hand.,206,48.512,4.463762359
WARLOCK,5,HUNTER,[1598] Deal $4 damage to all minions.,1598,54.112,1.680497266
WARLOCK,5,HUNTER,[1353] Deal $5 damage.,1353,55.4,2.339236796
WARLOCK,5,HUNTER,[347] Draw 2 cards.,347,51.404,2.822400495
WARLOCK,5,HUNTER,[1497] Gain 7 Armor.,1497,58.916,1.803599276
WARLOCK,5,HUNTER,[477] Give your minions +4 Health.,477,65.84,3.245688332
WARLOCK,5,HUNTER,[1067] Summon 2 friendly minions that died this game.,1067,61.364,1.693233846
WARLOCK,5,HUNTER,[1002] Summon a 5/5 Demon.,1002,61.156,2.502671926
WARLOCK,5,HUNTER,[809] Transform a random enemy minion into a 1/1 Sheep.,809,55.828,2.856336989
WARLOCK,5,MAGE,[745] <b>Freeze</b> 2 random enemy minions.,745,34.128,2.24527747
WARLOCK,5,MAGE,[876] Add 2 random Demons to your hand.,876,47.38,2.367191068
WARLOCK,5,MAGE,[2766] Deal $4 damage to all minions.,2766,44.256,1.240409846
WARLOCK,5,MAGE,[3565] Deal $5 damage.,3565,48.292,1.112530566
WARLOCK,5,MAGE,[886] Draw 2 cards.,886,46.804,2.513729712
WARLOCK,5,MAGE,[3492] Gain 7 Armor.,3492,48.116,1.149612475
WARLOCK,5,MAGE,[1693] Give your minions +4 Health.,1693,59.512,1.508270803
WARLOCK,5,MAGE,[3144] Summon 2 friendly minions that died this game.,3144,49.28,0.993392369
WARLOCK,5,MAGE,[2949] Summon a 5/5 Demon.,2949,49.6,1.133896517
WARLOCK,5,MAGE,[2056] Transform a random enemy minion into a 1/1 Sheep.,2056,43.344,0.956231578
WARLOCK,5,PALADIN,[476] <b>Freeze</b> 2 random enemy minions.,476,40.592,3.122537845
WARLOCK,5,PALADIN,[296] Add 2 random Demons to your hand.,296,53.032,3.088667784
WARLOCK,5,PALADIN,[1606] Deal $4 damage to all minions.,1606,55.86,1.502110429
WARLOCK,5,PALADIN,[1423] Deal $5 damage.,1423,55.596,1.343643572
WARLOCK,5,PALADIN,[298] Draw 2 cards.,298,54.904,3.792677919
WARLOCK,5,PALADIN,[1121] Gain 7 Armor.,1121,50.204,1.631275149
WARLOCK,5,PALADIN,[532] Give your minions +4 Health.,532,60.156,2.849131409
WARLOCK,5,PALADIN,[1248] Summon 2 friendly minions that died this game.,1248,58.28,1.661850859
WARLOCK,5,PALADIN,[1158] Summon a 5/5 Demon.,1158,57.576,1.831958693
WARLOCK,5,PALADIN,[946] Transform a random enemy minion into a 1/1 Sheep.,946,50.936,2.231508054
WARLOCK,5,PRIEST,[1408] <b>Freeze</b> 2 random enemy minions.,1408,45.44,1.531899811
WARLOCK,5,PRIEST,[1070] Add 2 random Demons to your hand.,1070,54.396,2.245504003
WARLOCK,5,PRIEST,[5297] Deal $4 damage to all minions.,5297,59.232,0.797229303
WARLOCK,5,PRIEST,[5712] Deal $5 damage.,5712,56.88,0.841066137
WARLOCK,5,PRIEST,[1103] Draw 2 cards.,1103,57.8,1.421749692
WARLOCK,5,PRIEST,[3360] Gain 7 Armor.,3360,54.488,0.851638868
WARLOCK,5,PRIEST,[1914] Give your minions +4 Health.,1914,67.448,1.521524191
WARLOCK,5,PRIEST,[4455] Summon 2 friendly minions that died this game.,4455,61.188,1.024642569
WARLOCK,5,PRIEST,[4116] Summon a 5/5 Demon.,4116,62.752,1.028135983
WARLOCK,5,PRIEST,[3557] Transform a random enemy minion into a 1/1 Sheep.,3557,55.028,1.236228147
WARLOCK,5,ROGUE,[2317] <b>Freeze</b> 2 random enemy minions.,2317,47.16,1.180612262
WARLOCK,5,ROGUE,[709] Add 2 random Demons to your hand.,709,50.828,2.184645272
WARLOCK,5,ROGUE,[8490] Deal $4 damage to all minions.,8490,59.096,0.602096527
WARLOCK,5,ROGUE,[6162] Deal $5 damage.,6162,54.064,0.9465613
WARLOCK,5,ROGUE,[1612] Draw 2 cards.,1612,53.384,1.499018276
WARLOCK,5,ROGUE,[5337] Gain 7 Armor.,5337,55.444,0.662664528
WARLOCK,5,ROGUE,[1265] Give your minions +4 Health.,1265,62.064,1.277932545
WARLOCK,5,ROGUE,[4598] Summon 2 friendly minions that died this game.,4598,58.904,0.842510187
WARLOCK,5,ROGUE,[4626] Summon a 5/5 Demon.,4626,57.56,1.222312412
WARLOCK,5,ROGUE,[4716] Transform a random enemy minion into a 1/1 Sheep.,4716,51.148,1.103377951
WARLOCK,5,SHAMAN,[4043] <b>Freeze</b> 2 random enemy minions.,4043,43.212,0.944342653
WARLOCK,5,SHAMAN,[1903] Add 2 random Demons to your hand.,1903,56.796,1.866531712
WARLOCK,5,SHAMAN,[20783] Deal $4 damage to all minions.,20783,66.424,0.307737782
WARLOCK,5,SHAMAN,[15676] Deal $5 damage.,15676,58.344,0.58276654
WARLOCK,5,SHAMAN,[4457] Draw 2 cards.,4457,58.836,0.997763527
WARLOCK,5,SHAMAN,[13207] Gain 7 Armor.,13207,56.956,0.660248293
WARLOCK,5,SHAMAN,[3827] Give your minions +4 Health.,3827,68.268,0.919875447
WARLOCK,5,SHAMAN,[11800] Summon 2 friendly minions that died this game.,11800,62.88,0.444185574
WARLOCK,5,SHAMAN,[11875] Summon a 5/5 Demon.,11875,63.86,0.558116011
WARLOCK,5,SHAMAN,[6033] Transform a random enemy minion into a 1/1 Sheep.,6033,51.544,0.796949172
WARLOCK,5,WARLOCK,[1176] <b>Freeze</b> 2 random enemy minions.,1176,44.26,1.807938946
WARLOCK,5,WARLOCK,[831] Add 2 random Demons to your hand.,831,49.768,3.0485713
WARLOCK,5,WARLOCK,[3917] Deal $4 damage to all minions.,3917,58.828,1.378530894
WARLOCK,5,WARLOCK,[4586] Deal $5 damage.,4586,55.424,0.794101591
WARLOCK,5,WARLOCK,[912] Draw 2 cards.,912,54.664,1.272719976
WARLOCK,5,WARLOCK,[3061] Gain 7 Armor.,3061,54.512,1.222451118
WARLOCK,5,WARLOCK,[1578] Give your minions +4 Health.,1578,60.592,1.341011041
WARLOCK,5,WARLOCK,[3803] Summon 2 friendly minions that died this game.,3803,57.024,0.919411004
WARLOCK,5,WARLOCK,[3482] Summon a 5/5 Demon.,3482,57,1.13532555
WARLOCK,5,WARLOCK,[2884] Transform a random enemy minion into a 1/1 Sheep.,2884,49.72,0.890662646
WARLOCK,5,WARRIOR,[3448] <b>Freeze</b> 2 random enemy minions.,3448,45.62,0.872666545
WARLOCK,5,WARRIOR,[983] Add 2 random Demons to your hand.,983,60.904,1.913554819
WARLOCK,5,WARRIOR,[12753] Deal $4 damage to all minions.,12753,62.476,0.479555376
WARLOCK,5,WARRIOR,[9669] Deal $5 damage.,9669,58.392,0.478474156
WARLOCK,5,WARRIOR,[3738] Draw 2 cards.,3738,57.88,0.785736319
WARLOCK,5,WARRIOR,[12626] Gain 7 Armor.,12626,63.704,0.579833834
WARLOCK,5,WARRIOR,[2368] Give your minions +4 Health.,2368,70.196,0.988143395
WARLOCK,5,WARRIOR,[7639] Summon 2 friendly minions that died this game.,7639,64.692,0.883165211
WARLOCK,5,WARRIOR,[6885] Summon a 5/5 Demon.,6885,62.624,0.755261778
WARLOCK,5,WARRIOR,[3775] Transform a random enemy minion into a 1/1 Sheep.,3775,53.044,0.961280857
WARLOCK,10,DRUID,[927] <b>Freeze</b> 3 random enemy minions.,927,52.536,1.603858964
WARLOCK,10,DRUID,[850] Add 3 random Demons to your hand.,850,48.744,2.17153895
WARLOCK,10,DRUID,[3517] Deal $6 damage to all minions.,3517,44.516,1.075193504
WARLOCK,10,DRUID,[3822] Deal $8 damage.,3822,54.368,1.094897928
WARLOCK,10,DRUID,[380] Draw 3 cards.,380,41.892,2.399765266
WARLOCK,10,DRUID,[2634] Gain 10 Armor.,2634,47.756,1.375209401
WARLOCK,10,DRUID,[1577] Give your minions +6 Health.,1577,57.584,1.437895687
WARLOCK,10,DRUID,[4511] Summon 3 friendly minions that died this game.,4511,54.452,0.706482703
WARLOCK,10,DRUID,[3587] Summon an 8/8 Demon.,3587,52.448,1.221537491
WARLOCK,10,DRUID,[3887] Transform all minions into 1/1 Sheep.,3887,44.092,1.137240083
WARLOCK,10,HUNTER,[96] <b>Freeze</b> 3 random enemy minions.,96,54.276,6.574263308
WARLOCK,10,HUNTER,[105] Add 3 random Demons to your hand.,105,64.08,7.348423111
WARLOCK,10,HUNTER,[296] Deal $6 damage to all minions.,296,56.008,2.285292456
WARLOCK,10,HUNTER,[333] Deal $8 damage.,333,70.556,3.4930282
WARLOCK,10,HUNTER,[57] Draw 3 cards.,57,61.45217391,9.685227032
WARLOCK,10,HUNTER,[465] Gain 10 Armor.,465,69.972,2.441529468
WARLOCK,10,HUNTER,[159] Give your minions +6 Health.,159,77.204,3.282563468
WARLOCK,10,HUNTER,[402] Summon 3 friendly minions that died this game.,402,71.908,2.597730416
WARLOCK,10,HUNTER,[299] Summon an 8/8 Demon.,299,67.196,3.410689495
WARLOCK,10,HUNTER,[188] Transform all minions into 1/1 Sheep.,188,69.184,4.306526438
WARLOCK,10,MAGE,[346] <b>Freeze</b> 3 random enemy minions.,346,45.336,3.291994097
WARLOCK,10,MAGE,[1173] Add 3 random Demons to your hand.,1173,40.448,1.771390763
WARLOCK,10,MAGE,[1920] Deal $6 damage to all minions.,1920,42.676,1.540408274
WARLOCK,10,MAGE,[3612] Deal $8 damage.,3612,51.1,1.181043808
WARLOCK,10,MAGE,[354] Draw 3 cards.,354,48.864,3.147694312
WARLOCK,10,MAGE,[4015] Gain 10 Armor.,4015,49.472,0.91883743
WARLOCK,10,MAGE,[1812] Give your minions +6 Health.,1812,54.288,2.179335423
WARLOCK,10,MAGE,[4133] Summon 3 friendly minions that died this game.,4133,51.264,1.03473292
WARLOCK,10,MAGE,[3272] Summon an 8/8 Demon.,3272,48.752,0.98538855
WARLOCK,10,MAGE,[1229] Transform all minions into 1/1 Sheep.,1229,39.68,1.640302448
WARLOCK,10,PALADIN,[204] <b>Freeze</b> 3 random enemy minions.,204,53.1,4.856985053
WARLOCK,10,PALADIN,[243] Add 3 random Demons to your hand.,243,53.188,4.488848517
WARLOCK,10,PALADIN,[1010] Deal $6 damage to all minions.,1010,55.476,2.146878682
WARLOCK,10,PALADIN,[954] Deal $8 damage.,954,57.964,1.195369503
WARLOCK,10,PALADIN,[112] Draw 3 cards.,112,62.296,6.494970604
WARLOCK,10,PALADIN,[1045] Gain 10 Armor.,1045,52.64,1.714429369
WARLOCK,10,PALADIN,[380] Give your minions +6 Health.,380,65.492,2.47123661
WARLOCK,10,PALADIN,[1160] Summon 3 friendly minions that died this game.,1160,62.28,1.875883943
WARLOCK,10,PALADIN,[861] Summon an 8/8 Demon.,861,56.296,2.218209152
WARLOCK,10,PALADIN,[1055] Transform all minions into 1/1 Sheep.,1055,53.136,1.673239292
WARLOCK,10,PRIEST,[510] <b>Freeze</b> 3 random enemy minions.,510,63.2,2.882101367
WARLOCK,10,PRIEST,[1217] Add 3 random Demons to your hand.,1217,61.096,1.790850368
WARLOCK,10,PRIEST,[3598] Deal $6 damage to all minions.,3598,63.392,1.195777128
WARLOCK,10,PRIEST,[3568] Deal $8 damage.,3568,68.74,1.13567233
WARLOCK,10,PRIEST,[409] Draw 3 cards.,409,60.532,3.117651531
WARLOCK,10,PRIEST,[3099] Gain 10 Armor.,3099,64.88,1.158070272
WARLOCK,10,PRIEST,[1654] Give your minions +6 Health.,1654,72.756,1.278099287
WARLOCK,10,PRIEST,[4542] Summon 3 friendly minions that died this game.,4542,69.34,0.621575166
WARLOCK,10,PRIEST,[3503] Summon an 8/8 Demon.,3503,67.168,0.999684786
WARLOCK,10,PRIEST,[2444] Transform all minions into 1/1 Sheep.,2444,58.508,1.322470226
WARLOCK,10,ROGUE,[334] <b>Freeze</b> 3 random enemy minions.,334,60.096,2.885607128
WARLOCK,10,ROGUE,[253] Add 3 random Demons to your hand.,253,64.2,5.156165513
WARLOCK,10,ROGUE,[1089] Deal $6 damage to all minions.,1089,58.372,1.367616448
WARLOCK,10,ROGUE,[1109] Deal $8 damage.,1109,67.06,1.281084622
WARLOCK,10,ROGUE,[129] Draw 3 cards.,129,68.95416667,5.374745247
WARLOCK,10,ROGUE,[1295] Gain 10 Armor.,1295,65.66,1.247948219
WARLOCK,10,ROGUE,[449] Give your minions +6 Health.,449,68.572,2.301760232
WARLOCK,10,ROGUE,[1313] Summon 3 friendly minions that died this game.,1313,63.672,1.680003752
WARLOCK,10,ROGUE,[1012] Summon an 8/8 Demon.,1012,63.104,1.735904653
WARLOCK,10,ROGUE,[923] Transform all minions into 1/1 Sheep.,923,60.508,1.67494168
WARLOCK,10,SHAMAN,[862] <b>Freeze</b> 3 random enemy minions.,862,60.968,2.112164073
WARLOCK,10,SHAMAN,[1239] Add 3 random Demons to your hand.,1239,64.212,2.004477155
WARLOCK,10,SHAMAN,[5611] Deal $6 damage to all minions.,5611,68.228,0.673772112
WARLOCK,10,SHAMAN,[4618] Deal $8 damage.,4618,70.324,1.070066992
WARLOCK,10,SHAMAN,[709] Draw 3 cards.,709,67.904,2.435706608
WARLOCK,10,SHAMAN,[4662] Gain 10 Armor.,4662,67.328,0.965211037
WARLOCK,10,SHAMAN,[1858] Give your minions +6 Health.,1858,73.08,1.41384249
WARLOCK,10,SHAMAN,[5684] Summon 3 friendly minions that died this game.,5684,71.076,0.56411317
WARLOCK,10,SHAMAN,[4373] Summon an 8/8 Demon.,4373,70.448,0.764917096
WARLOCK,10,SHAMAN,[3950] Transform all minions into 1/1 Sheep.,3950,61.252,0.878516033
WARLOCK,10,WARLOCK,[428] <b>Freeze</b> 3 random enemy minions.,428,50.656,2.053370445
WARLOCK,10,WARLOCK,[938] Add 3 random Demons to your hand.,938,47.448,2.157112961
WARLOCK,10,WARLOCK,[2882] Deal $6 damage to all minions.,2882,51.916,1.256064044
WARLOCK,10,WARLOCK,[3512] Deal $8 damage.,3512,56.6,0.94580535
WARLOCK,10,WARLOCK,[265] Draw 3 cards.,265,48.564,3.908423675
WARLOCK,10,WARLOCK,[2923] Gain 10 Armor.,2923,52.736,1.22196899
WARLOCK,10,WARLOCK,[1147] Give your minions +6 Health.,1147,54.768,2.432206811
WARLOCK,10,WARLOCK,[3909] Summon 3 friendly minions that died this game.,3909,55.552,0.930625092
WARLOCK,10,WARLOCK,[2787] Summon an 8/8 Demon.,2787,53.288,1.29384601
WARLOCK,10,WARLOCK,[1871] Transform all minions into 1/1 Sheep.,1871,47.128,1.482186807
WARLOCK,10,WARRIOR,[268] <b>Freeze</b> 3 random enemy minions.,268,74.74,3.658450452
WARLOCK,10,WARRIOR,[598] Add 3 random Demons to your hand.,598,64.072,2.163015014
WARLOCK,10,WARRIOR,[926] Deal $6 damage to all minions.,926,66.284,2.226746908
WARLOCK,10,WARRIOR,[1589] Deal $8 damage.,1589,75.5,1.553058219
WARLOCK,10,WARRIOR,[259] Draw 3 cards.,259,76.016,3.185299081
WARLOCK,10,WARRIOR,[1842] Gain 10 Armor.,1842,75.792,1.112176571
WARLOCK,10,WARRIOR,[767] Give your minions +6 Health.,767,76.248,2.492610142
WARLOCK,10,WARRIOR,[1915] Summon 3 friendly minions that died this game.,1915,73.052,1.517194578
WARLOCK,10,WARRIOR,[1545] Summon an 8/8 Demon.,1545,73.772,1.566712216
WARLOCK,10,WARRIOR,[657] Transform all minions into 1/1 Sheep.,657,61.04,2.006436941
